schools,id
01M034: P.S. 034 Franklin D. Roosevelt,0
01M140: P.S. 140 Nathan Straus,1
01M184: P.S. 184 Shuang Wen,2
01M188: P.S. 188 The Island School,3
01M292: Orchard Collegiate Academy,4
01M332: University Neighborhood Middle School,5
01M378: School for Global Leaders,6
01M448: University Neighborhood High School,7
01M450: East Side Community School,8
01M458: Forsyth Satellite Academy,9
01M509: Marta Valle High School,10
01M515: Lower East Side Preparatory High School,11
"01M539: New Explorations into Science, Technology and Math",12
01M650: Cascades High School,13
01M696: Bard High School Early College,14
01M839: Tompkins Square Middle School,15
02M047: 47 The American Sign Language and English Secondary School,16
02M104: J.H.S. 104 Simon Baruch,17
02M114: East Side Middle School,18
02M126: P.S. 126 Jacob August Riis,19
02M131: M.S. 131,20
02M135: The Urban Assembly School for Emergency Management,21
02M139: Stephen T. Mather Building Arts and Craftsmanship High School,22
02M167: J.H.S. 167 Robert F. Wagner,23
02M177: Yorkville East Middle School,24
02M217: P.S. | I.S. 217 Roosevelt Island,25
02M255: M.S. 255 Salk School of Science,26
02M260: The Clinton School,27
02M276: Battery Park City School,28
02M280: Manhattan Early College School for Advertising,29
02M282: Urban Assembly Maker Academy,30
02M288: Food and Finance High School,31
02M289: I.S. 289,32
02M294: Essex Street Academy,33
02M296: High School of Hospitality Management,34
02M297: M.S. 297,35
02M298: Pace High School,36
02M300: Urban Assembly School of Design and Construction,37
02M303: The Facing History School,38
02M305: The Urban Assembly Academy of Government and Law,39
02M308: Lower Manhattan Arts Academy,40
02M312: New York City Lab Middle School for Collaborative Studies,41
02M313: The James Baldwin School,42
02M316: Urban Assembly School of Business for Young Women,43
02M347: 47 The American Sign Language and English Lower School,44
02M374: Gramercy Arts High School,45
02M376: NYC iSchool,46
02M392: Manhattan Business Academy,47
02M393: Business Of Sports School,48
02M394: Emma Lazarus High School,49
02M397: Spruce Street School,50
02M399: The High School For Language And Diplomacy,51
02M400: High School for Environmental Studies,52
02M407: Institute for Collaborative Education,53
02M408: Professional Performing Arts High School,54
02M411: Baruch College Campus High School,55
02M412: N.Y.C. Lab School for Collaborative Studies,56
02M413: School of the Future High School,57
02M414: N.Y.C. Museum School,58
02M416: Eleanor Roosevelt High School,59
02M418: Millennium High School,60
02M419: Landmark High School,61
02M420: High School for Health Professions and Human Services,62
02M422: Quest to Learn,63
02M425: Leadership and Public Service High School,64
02M427: Manhattan Academy For Arts and Language,65
02M432: Murray Hill Academy,66
02M437: Hudson High School of Learning Technologies,67
02M438: International High School at Union Square,68
02M439: Manhattan Village Academy,69
"02M442: Ballet Tech, NYC Public School for Dance",70
02M449: Vanguard High School,71
02M459: Manhattan International High School,72
02M473: Washington Irving YABC,73
02M475: Stuyvesant High School,74
02M489: High School of Economics and Finance,75
02M500: Unity Center for Urban Technologies,76
02M507: Urban Assembly Gateway School for Technology,77
02M519: Talent Unlimited High School,78
02M520: Murry Bergtraum High School for Business Careers,79
02M529: Jacqueline Kennedy Onassis High School,80
02M531: Repertory Company High School for Theatre Arts,81
02M533: Union Square Academy for Health Sciences,82
02M534: Harvest Collegiate High School,83
02M542: Manhattan Bridges High School,84
02M543: New Design High School,85
02M544: Independence High School,86
02M545: High School for Dual Language and Asian Studies,87
02M546: Academy for Software Engineering,88
02M550: Liberty High School Academy for Newcomers,89
02M551: Urban Assembly New York Harbor School,90
02M560: High School M560 - City As School,91
02M565: Urban Academy Laboratory High School,92
02M570: Satellite Academy High School,93
02M575: Manhattan Comprehensive Night and Day High School,94
02M580: Richard R. Green High School of Teaching,95
02M586: Harvey Milk High School,96
02M600: The High School of Fashion Industries,97
02M605: Humanities Preparatory Academy,98
02M615: Chelsea Career and Technical Education High School,99
02M630: Art and Design High School,100
02M655: The High School for Climate Justice,101
02M896: Lower Manhattan Community Middle School,102
02M933: City Knoll Middle School,103
03M054: J.H.S. 054 Booker T. Washington,104
03M076: P.S. 076 A. Philip Randolph,105
03M180: P.S. 180 Hugo Newman,106
03M191: The Riverside School for Makers and Artists,107
03M243: M.S. 243 Center School,108
03M245: M.S. M245 The Computer School,109
03M247: M.S. M247 Dual Language Middle School,110
03M250: M.S. 250 West Side Collaborative Middle School,111
03M256: Lafayette Academy,112
03M258: M.S. 258 Community Action School,113
03M291: West End Secondary School,114
03M299: The Maxine Greene HS for Imaginative Inquiry,115
03M307: The Urban Assembly School for Media Studies,116
03M333: P.S. 333 Manhattan School for Children,117
03M334: The Anderson School,118
03M402: The Urban Assembly School for Green Careers,119
03M403: The Global Learning Collaborative,120
03M404: Innovation Diploma Plus,121
03M415: Wadleigh Secondary School for the Performing and Visual Arts,122
03M417: Frank McCourt High School,123
03M421: West Prep Academy,124
03M479: Beacon High School,125
03M485: Fiorello H. LaGuardia High School of Music and Art and Performing Arts,126
"03M492: High School for Law, Advocacy and Community Justice",127
03M494: High School of Arts and Technology,128
03M505: Edward A. Reynolds West Side High School,129
03M541: Manhattan Hunter Science High School,130
03M859: Special Music School,131
03M860: Frederick Douglass Academy II Secondary School,132
03M862: Mott Hall II,133
04M007: P.S. 007 Samuel Stern,134
04M012: Tag Young Scholars,135
04M050: P.S. 050 Vito Marcantonio,136
04M057: James Weldon Johnson,137
04M072: The Lexington Academy,138
04M096: P.S. 096 Joseph Lanzetta,139
04M108: P.S. 108 Assemblyman Angelo Del Toro Educational Complex,140
04M171: P.S. 171 Patrick Henry,141
04M206: P.S. 206 Jose Celso Barbosa,142
04M224: M.S. 224 Manhattan East School for Arts and Academics,143
04M310: The Judith S. Kaye School,144
04M372: Esperanza Preparatory Academy,145
04M377: Renaissance School of the Arts,146
04M406: Global Technology Preparatory,147
04M409: Coalition School for Social Change,148
04M435: Manhattan Center for Science and Mathematics,149
04M495: Park East High School,150
04M555: Central Park East High School,151
04M610: Young Women's Leadership School,152
04M680: The Heritage School,153
04M825: Isaac Newton Middle School for Math and Science,154
05M129: P.S. 129 John H. Finley,155
05M148: Eagle Academy for Young Men of Harlem,156
05M157: The Urban Assembly School for Global Commerce,157
05M161: P.S. 161 Pedro Albizu Campos,158
05M285: Harlem Renaissance High School,159
05M286: Urban Assembly Academy for Future Leaders,160
05M304: Mott Hall High School,161
05M362: Columbia Secondary School,162
05M367: Academy for Social Action,163
05M369: Urban Assembly School for the Performing Arts,164
05M371: School of Earth Exploration and Discovery Harlem (SEED),165
05M499: Frederick Douglass Academy,166
05M514: New Design Middle School,167
05M517: Teachers College Community School,168
05M670: Thurgood Marshall Academy for Learning and Social Change,169
"05M692: The High School for Mathematics, Science and Engineering at City College of New York",170
06M018: P.S. 018 Park Terrace,171
06M052: Harold O. Levy School,172
06M143: J.H.S. 143 Eleanor Roosevelt,173
06M187: P.S. | I.S. 187 Hudson Cliffs,174
06M209: Hamilton Grange Middle School,175
06M210: P.S. | I.S. 210 The Twenty-First Century Academy for Community Leadership,176
06M211: Inwood Early College for Health and Information Technologies,177
06M223: The Mott Hall School,178
06M278: Paula Hedbavny School,179
06M293: City College Academy of the Arts,180
06M311: Amistad Dual Language School,181
06M319: M.S. 319 - Maria Teresa,182
06M322: M.S. 322,183
06M324: M.S. 324 - Patria Mirabal,184
06M346: Community Health Academy of the Heights,185
06M348: Washington Heights Expeditionary Learning School,186
06M366: Washington Heights Academy,187
06M423: High School for Excellence and Innovation,188
06M457: George Washington YABC,189
06M462: The College Academy,190
06M463: High School for Media and Communications,191
06M467: High School for Law and Public Service,192
06M468: High School for Health Careers and Sciences,193
06M528: I.S. 528 Bea Fuller Rodgers School,194
06M540: A. Philip Randolph Campus High School,195
06M552: Gregorio Luperon High School for Science and Mathematics,196
07X029: P.S. | M.S. 029 Melrose School,197
07X031: P.S. | M.S. 031 The William Lloyd Garrison,198
07X162: J.H.S. 162 Lola Rodriguez De Tio,199
07X221: South Bronx Preparatory: A College Board School,200
07X223: M.S. | H.S. 223 The Laboratory School of Finance and Technology,201
"07X259: H.E.R.O. High (Health, Education, and Research Occupations High School)",202
07X296: South Bronx Academy for Applied Media,203
07X298: Academy of Public Relations,204
07X334: International Community High School,205
07X343: Academy of Applied Mathematics and Technology,206
07X379: Jill Chaifetz Transfer High School,207
07X381: Bronx Haven High School,208
07X427: Community School for Social Justice,209
07X456: Alfred E. Smith Campus YABC,210
07X473: Mott Haven Village Preparatory High School,211
07X495: University Heights Secondary School,212
07X500: Hostos-Lincoln Academy of Science,213
07X522: Bronx Design and Construction Academy,214
07X527: Bronx Leadership Academy II High School,215
07X547: New Explorers High School,216
07X548: Careers in Sports High School,217
07X551: The Urban Assembly Bronx Academy of Letters,218
07X557: Mott Haven Community High School,219
07X584: I.S. 584,220
07X600: Alfred E. Smith Career and Technical Education High School,221
07X625: Bronx Legacy High School,222
07X670: Health Opportunities High School,223
08X071: P.S. 071 Rose E. Scala,224
08X101: M.S. 101 Edward R. Byrne,225
08X123: J.H.S. 123 James M. Kieran,226
08X125: J.H.S. 125 Henry Hudson,227
08X131: J.H.S. 131 Albert Einstein,228
08X269: Bronx Studio School for Writers and Artists,229
08X282: Women's Academy of Excellence,230
08X293: Renaissance High School for Musical Theater and the Arts,231
08X302: M.S. 302 Luisa Dessus Cruz,232
08X305: Pablo Neruda Academy,233
08X312: Millennium Art Academy,234
08X320: Pelham Lab High School,235
08X332: Holcombe L. Rucker School of Community Research,236
08X337: The School for Inquiry and Social Justice,237
08X348: Schuylerville Preparatory High School,238
08X349: Bronx River High School,239
"08X367: Archimedes Academy for Math, Science and Technology Applications",240
08X371: Urban Institute of Mathematics,241
08X375: The Bronx Mathematics Preparatory School,242
08X376: Antonia Pantoja Preparatory Academy: A College Board School,243
08X377: Bronx Community High School,244
08X405: Herbert H. Lehman High School,245
08X408: Herbert H. Lehman YABC,246
08X424: Bronx Academy for Multi-Media,247
08X432: Bronx Bridges High School,248
08X448: Soundview Academy for Culture and Scholarship,249
08X452: Gotham Collaborative High School,250
08X467: Mott Hall Community School,251
08X507: Stevenson YABC,252
08X519: Felisa Rincon de Gautier Institute for Law and Public Policy,253
08X530: Longwood Preparatory Academy,254
08X537: Bronx Arena High School,255
08X558: Westchester Square Academy,256
08X559: School for Tourism and Hospitality,257
08X561: Bronx Compass High School,258
08X562: Pugsley Preparatory Academy,259
09X022: J.H.S. 022 Jordan L. Mott,260
09X117: I.S. 117 Joseph H. Wade,261
09X128: Mott Hall III,262
09X215: Kappa,263
09X218: P.S. | I.S. 218 Rafael Hernandez Dual Language Magnet School,264
09X219: I.S. 219 New Venture School,265
09X227: Bronx Collegiate Academy,266
09X229: I.S. 229 Roland Patterson,267
09X231: Eagle Academy for Young Men,268
09X232: I.S. 232,269
09X241: Urban Assembly School for Applied Math and Science,270
09X250: Eximius College Preparatory Academy: A College Board School,271
09X252: Mott Hall Bronx High School,272
09X260: Bronx Center for Science and Mathematics,273
09X263: Validus Preparatory Academy,274
09X276: Leadership Institute,275
09X297: Morris Academy for Collaborative Studies,276
09X303: I.S. 303 Leadership and Community Service,277
09X313: I.S. 313 School of Leadership Development,278
09X323: Bronx Writing Academy,279
09X324: Bronx Early College Academy for Teaching and Learning,280
09X327: M.S. 327 Comprehensive Model School Project,281
09X329: DreamYard Preparatory School,282
09X339: I.S. 339,283
09X350: New Directions Secondary School,284
09X361: The Highbridge Green School,285
09X365: Academy for Language and Technology,286
09X403: Bronx International High School,287
09X404: School for Excellence,288
09X412: Bronx High School of Business,289
09X413: Bronx High School for Medical Science,290
09X454: Science and Technology Academy: A Mott Hall School,291
"09X505: Bronx School for Law, Government and Justice",292
09X517: Frederick Douglass Academy III Secondary School,293
09X525: Bronx Leadership Academy High School,294
09X543: High School for Violin and Dance,295
09X564: Claremont International HS,296
09X568: Young Women's Leadership School of the Bronx,297
09X594: New Pathways Academy,298
10X003: P.S. 3 Raul Julia Micro Society,299
10X037: P.S. 37 Multiple Intelligence School,300
10X045: M.S. 45 Thomas C. Giordano,301
10X080: J.H.S. 080 The Mosholu Parkway,302
10X095: P.S. 095 Sheila Mencher,303
10X118: J.H.S. 118 William W. Niles,304
10X141: M.S. | H.S. 141 Riverdale Kingsbridge Academy,305
10X206: I.S. 206 Ann Mersereau,306
10X213: Bronx Engineering and Technology Academy,307
10X225: Theatre Arts Production Company School,308
10X228: Jonas Bronck Academy,309
"10X237: The Marie Curie School for Medicine, Nursing, and Health Professions",310
10X243: West Bronx Academy for the Future,311
10X244: The New School for Leadership and Journalism,312
10X254: I.S. 254,313
10X264: Bronx Academy for Software Engineering (BASE),314
10X268: Kingsbridge International High School,315
"10X279: P.S. 279 Captain Manuel Rivera, Jr.",316
10X280: P.S. | M.S. 280 Mosholu Parkway,317
10X284: Bronx School of Law and Finance,318
10X308: Bronx Dance Academy School,319
10X319: Providing Urban Learners Success In Education (PULSE) High School,320
10X331: The Bronx School of Young Leaders,321
10X342: International School for Liberal Arts,322
10X351: Bronx Collaborative High School,323
10X353: World View High School,324
10X363: Academy For Personal Leadership And Excellence,325
10X368: M.S. | H.S. 368 In-Tech Academy,326
10X374: Knowledge and Power Preparatory Academy International High School (KAPPA),327
10X390: M.S. 390,328
10X391: The Angelo Patri Middle School,329
10X397: English Language Learners and International Support Preparatory Academy (ELLIS),330
10X433: High School for Teaching and the Professions,331
10X434: Belmont Preparatory High School,332
10X437: Fordham High School for the Arts,333
10X438: Fordham Leadership Academy,334
10X439: Bronx High School for Law and Community Service,335
10X440: DeWitt Clinton High School,336
10X442: The Celia Cruz Bronx High School of Music,337
10X445: The Bronx High School of Science,338
10X447: Creston Academy,339
10X459: East Fordham Academy for the Arts,340
10X477: Marble Hill High School for International Studies,341
10X503: Walton YABC,342
10X504: Kennedy YABC,343
10X524: Crotona International High School,344
10X546: Bronx Theatre High School,345
10X549: Discovery High School,346
10X565: High School for Energy and Technology,347
10X668: Dewitt Clinton Campus YABC,348
10X696: High School of American Studies at Lehman College,349
11X019: P.S. 019 Judith K. Weiss,350
11X083: P.S. 083 Donald Hertz,351
11X089: P.S. 089 Bronx,352
11X127: J.H.S. 127 The Castle Hill,353
11X144: J.H.S. 144 Michelangelo,354
11X175: P.S. 175 City Island,355
11X180: M.S. 180 Dr. Daniel Hale Williams,356
11X181: I.S. 181 Pablo Casals,357
11X194: P.S. | M.S. 194,358
11X249: Bronx Health Sciences High School,359
11X253: Bronx High School for Writing and Communication Arts,360
11X265: Bronx Lab School,361
11X270: Academy for Scholarship and Entrepreneurship: A College Board School,362
11X275: High School of Computers and Technology,363
11X287: North Bronx School of Empowerment,364
11X288: Collegiate Institute for Math and Science,365
11X290: Bronx Academy of Health Careers,366
11X299: Astor Collegiate Academy,367
11X326: Bronx Green Middle School,368
11X355: Bronx Alliance Middle School,369
11X370: Leaders of Tomorrow,370
11X417: Christopher Columbus YABC,371
11X418: Bronx High School for the Visual Arts,372
11X455: Harry S Truman High School,373
11X462: Cornerstone Academy for Social Action Middle School (CASA),374
11X468: Pelham Academy of Academics and Community Engagement,375
11X498: P.S. | M.S. 498 Van Nest Academy,376
11X508: Bronxdale High School,377
11X509: High School of Language and Innovation,378
11X513: New World High School,379
11X514: The Bronxwood Preparatory Academy,380
11X529: One World Middle School at Edenwald,381
11X542: Pelham Preparatory Academy,382
11X544: High School for Contemporary Arts,383
11X545: Bronx Aerospace High School,384
11X556: Bronx Park Middle School,385
11X566: Pelham Gardens Middle School,386
12X098: J.H.S. 098 Herman Ridder,387
12X129: M.S. 129 Academy for Independent Learning and Lead,388
12X190: E.S.M.T- I.S. 190,389
12X211: P.S. 211,390
12X214: P.S. 214,391
12X217: School of Performing Arts,392
12X242: Mott Hall V,393
12X248: The Metropolitan High School,394
12X251: Explorations Academy H.S.,395
12X267: Bronx Latin,396
12X271: East Bronx Academy for the Future,397
12X273: Frederick Douglass Academy V. Middle School,398
12X286: Fannie Lou Hamer Middle School,399
12X316: Kappa III,400
"12X318: I.S. 318 Math, Science and Technology Through Arts",401
12X321: Crotona Academy High School,402
12X372: Urban Assembly School for Wildlife Conservation,403
12X383: Emolior Academy,404
12X388: Pan American International High School at Monroe,405
12X428: Learning To Work YABC At Monroe Academy,406
12X446: Arturo A. Schomburg Satellite Academy Bronx,407
12X478: The Cinema School,408
12X479: Bronx Career and College Preparatory High School,409
12X480: Bronx Regional High School,410
12X511: Bronx Envision Academy,411
12X521: The Metropolitan Soundview High School,412
12X550: High School of World Cultures,413
12X682: Fannie Lou Hamer Freedom High School,414
12X684: Wings Academy,415
12X692: Monroe Academy for Visual Arts and Design,416
13K008: The Emily Warren Roebling School,417
13K113: M.S. 113 Ronald Edmonds Learning Center,418
13K265: Dr. Susan S. McKinney Secondary School of the Arts,419
13K266: M.S. K266 - Park Place Community Middle School,420
13K282: P.S. 282 Park Slope,421
13K301: Restoration Academy,422
13K313: Dock Street School for STEAM Studies,423
13K350: Urban Assembly School of Music and Art,424
13K351: The Urban Assembly Unison School,425
13K412: Brooklyn Community Arts and Media High School (BCAM),426
"13K419: Science Skills Center High School for Science, Technology and the Creative Arts",427
13K430: Brooklyn Technical High School,428
13K439: Brooklyn International High School,429
13K483: The Urban Assembly School for Law and Justice,430
13K492: Academy of Arts and Letters,431
13K499: ACORN Community High School,432
13K527: Urban Assembly Institute of Math and Science for Young Women,433
13K553: Brooklyn Academy High School,434
13K575: Bedford Stuyvesant Preparatory High School,435
13K594: Gotham Professional Arts Academy,436
13K595: Bedford Academy High School,437
13K605: George Westinghouse Career and Technical Education,438
13K616: Brooklyn High School for Leadership and Community,439
13K657: Downtown Brooklyn YABC,440
13K670: Benjamin Banneker Academy,441
"13K674: City Polytechnic High School of Engineering, Architecture and Technology",442
13K691: Fort Greene Preparatory Academy,443
13K915: Bridges: A School for Exploration and Equity,444
14K050: J.H.S. 050 John D. Wells,445
14K071: Juan Morel Campos Secondary School,446
14K084: P.S. 084 Jose De Diego,447
14K126: M.S. 126 John Ericsson,448
14K157: P.S. | I.S. 157 The Benjamin Franklin Health and Science Academy,449
14K318: I.S. 318 Eugenio Maria De Hostos,450
14K449: The Brooklyn Latin School,451
14K454: The Williamsburg High School of Art and Technology,452
14K474: PROGRESS High School for Professional Careers,453
14K477: East Williamsburg Scholars Academy,454
"14K478: The High School for Enterprise, Business and Technology",455
14K488: Brooklyn Preparatory High School,456
14K558: Williamsburg High School for Architecture and Design,457
14K561: Williamsburg Preparatory School,458
14K577: Conselyea Preparatory School,459
14K582: M.S. 582,460
14K586: Lyons Community School,461
14K610: A-Tech High School,462
14K614: Young Women's Leadership School of Brooklyn,463
14K632: Frances Perkins Academy,464
14K685: El Puente Academy for Peace and Justice,465
14K923: Automotive High School YABC,466
15K051: M.S. 51 William Alexander,467
15K088: J.H.S. 088 Peter Rouget,468
15K136: I.S. 136 Charles O. Dewey,469
15K423: Brooklyn Frontiers High School,470
15K429: Digital Arts and Cinema Technology High School,471
15K442: M.S. 442 Carroll Gardens School for Innovation,472
15K443: New Voices School of Academic and Creative Arts,473
15K447: The Math and Science Exploratory School,474
15K448: Brooklyn Collaborative Studies,475
15K462: John Jay School for Law,476
15K463: Cyberarts Studio Academy,477
15K464: Park Slope Collegiate,478
15K497: The Boerum Hill School for International Studies,479
15K519: Cobble Hill School of American Studies,480
15K529: West Brooklyn Community High School,481
15K592: Khalil Gibran International Academy,482
15K656: Brooklyn High School of the Arts,483
15K667: Sunset Park High School,484
15K684: Millennium Brooklyn HS,485
15K698: South Brooklyn Community High School,486
15K821: Sunset Park Prep,487
15K839: M.S. 839,488
16K035: M.S. 035 Stephen Decatur,489
16K057: Whitelaw Reid Academy of Arts and Business,490
"16K267: M.S. 267 Math, Science and Technology",491
16K308: P.S. 308 Clara Cardwell,492
16K393: Frederick Douglass Academy IV Secondary School,493
16K455: Boys and Girls High School,494
16K498: Brooklyn High School for Law and Technology,495
16K594: Gotham Professional Arts Academy,496
16K669: Research and Service High School,497
16K681: Madiba Prep Middle School,498
16K688: The Brooklyn Academy of Global Finance,499
16K765: Nelson Mandela High School,500
16K898: The Brooklyn Green School,501
16K959: Boys and Girls YABC,502
17K002: Parkside Preparatory Academy,503
17K061: M.S. 061 Dr. Gladstone H. Atwell,504
17K122: Pathways in Technology Early College High School (P-Tech),505
17K138: P.S. 138 Brooklyn,506
17K181: P.S. 181 Brooklyn,507
17K189: P.S. 189 The Bilingual Center,508
17K246: M.S. 246 Walt Whitman,509
17K340: I.S. 340,510
17K352: Ebbets Field Middle School,511
17K354: The School of Integrated Learning,512
17K382: Academy for College Preparation and Career Explora,513
17K394: M.S. K394,514
17K408: Academy of Hospitality and Tourism,515
17K467: Erasmus YABC,516
17K484: Ronald Edmonds Learning Center II,517
17K489: W.E.B. Dubois Academic High School,518
17K524: International High School at Prospect Heights,519
17K528: The High School for Global Citizenship,520
17K531: The School for Human Rights,521
17K533: School for Democracy and Leadership,522
17K537: High School for Youth and Community Development at Erasmus,523
17K539: High School for Service and Learning at Erasmus,524
"17K543: Science, Technology and Research Early College High School at Erasmus",525
17K546: High School for Public Service: Heroes of Tomorrow,526
17K547: Brooklyn Academy of Science and the Environment,527
17K548: Brooklyn School for Music and Theatre,528
17K568: Brownsville Academy High School,529
17K590: Medgar Evers College Preparatory School,530
17K600: Clara Barton High School,531
17K646: Aspirations Diploma Plus High School,532
17K722: New Heights Middle School,533
17K745: Brooklyn Institute for Liberal Arts,534
17K751: Academy for Health Careers,535
18K066: P.S. 66,536
18K068: I.S. 068 Isaac Bildersee,537
18K211: I.S. 211 John Wilson,538
18K235: P.S. 235 Janice Marie Knight School,539
18K285: I.S. 285 Meyer Levin,540
18K366: The Science And Medicine Middle School,541
18K563: It Takes a Village Academy,542
18K566: Brooklyn Community High School for Excellence and Equity,543
18K567: Brooklyn Theatre Arts High School,544
18K569: Kurt Hahn Expeditionary Learning School,545
18K576: Victory Collegiate High School,546
18K578: Brooklyn Bridge Academy,547
"18K581: The Middle School of Media, Law and Fine Arts",548
18K588: Middle School for Art and Philosophy,549
18K589: Arts and Media Preparatory Academy,550
18K598: Middle School of Marketing and Legal Studies,551
18K617: High School for Innovation in Advertising and Media,552
18K629: Cultural Academy for the Arts and Sciences,553
18K633: High School for Medical Professions,554
18K635: Olympus Academy,555
18K637: Academy for Conservation and the Environment,556
18K642: Urban Action Academy,557
18K673: East Brooklyn Community High School,558
18K763: Brooklyn Science and Engineering Academy,559
18K922: South Shore Educational Complex YABC,560
19K089: P.S. 089 Cypress Hills,561
19K171: I.S. 171 Abraham Lincoln,562
19K218: J.H.S. 218 James P. Sinnott,563
19K292: J.H.S. 292 Margaret S. Douglas,564
19K364: I.S. 364 Gateway,565
19K404: Academy for Young Writers,566
19K409: East New York Family Academy,567
19K422: Spring Creek Community School,568
19K431: Thomas Jefferson YABC,569
19K452: Frederick Douglass Academy VIII Middle School,570
19K501: Franklin K. Lane Campus YABC,571
19K502: FDNY - Captain Vernon A. Richard High School for Fire and Life Safety,572
19K504: High School for Civil Rights,573
19K507: Performing Arts and Technology High School,574
19K510: World Academy for Total Community Health High School,575
19K583: Multicultural High School,576
19K615: Transit Tech Career and Technical Education High School,577
19K618: Academy of Innovative Technology,578
19K639: Brooklyn Lab School,579
19K654: Van Siclen Community Middle School,580
19K659: Cypress Hills Collegiate Preparatory School,581
19K660: W. H. Maxwell Career and Technical Education High School,582
19K661: Vista Academy,583
19K662: Liberty Avenue Middle School,584
19K678: East New York Middle School of Excellence,585
19K683: School for Classics High School,586
19K760: Highland Park Community School,587
19K764: The Urban Assembly School for Collaborative Health,588
19K907: Legacy School of the Arts,589
19K953: The East New York Arts and Civics High School,590
20K030: P.S. | I.S. 30 Mary White Ovington,591
20K062: J.H.S. 062 Ditmas,592
20K104: P.S. | I.S. 104 The Fort Hamilton School,593
20K163: P.S. 163 Bath Beach,594
20K180: The SEEALL Academy,595
20K187: I.S. 187 The Christa McAuliffe School,596
20K192: P.S. 192 - The Magnet School for Math and Science,597
20K201: The Madeleine Brennan School,598
20K220: J.H.S. 220 John J. Pershing,599
20K223: J.H.S. 223 The Montauk,600
20K227: J.H.S. 227 Edward B. Shallow,601
20K229: P.S. 229 Dyker,602
20K259: J.H.S. 259 William McKinley,603
20K445: New Utrecht High School,604
20K485: High School of Telecommunication Arts and Technology,605
20K490: Fort Hamilton High School,606
20K505: Franklin Delano Roosevelt High School,607
20K609: Urban Assembly School for Leadership and Empowerment,608
20K658: Franklin Delano Roosevelt YABC,609
20K686: Brooklyn School of Inquiry,610
20K936: M.S. 936 Arts Off 3rd,611
21K095: P.S. 095 The Gravesend,612
21K096: I.S. 096 Seth Low,613
21K098: I.S. 98 Bay Academy,614
21K099: P.S. 099 Isaac Asimov,615
21K121: P.S. 121 Nelson A. Rockefeller,616
21K209: P.S. 209 Margaret Mead,617
21K225: P.S. K225 - The Eileen E. Zaglin,618
21K226: P.S. 226 Alfred De B. Mason,619
21K228: I.S. 228 David A. Boody,620
21K238: P.S. 238 Anne Sullivan,621
21K239: I.S. 239 Mark Twain Intermediate School for the Gifted and Talented,622
21K281: I.S. 281 Joseph B Cavallaro,623
21K303: I.S. 303 Herbert S. Eisenberg,624
21K337: International High School at Lafayette,625
21K344: Rachel Carson High School for Coastal Studies,626
21K348: High School of Sports Management,627
21K410: Abraham Lincoln High School,628
21K411: Abraham Lincoln YABC,629
21K468: Kingsborough Early College School,630
21K525: Edward R. Murrow High School,631
21K540: John Dewey High School,632
21K559: Life Academy High School for Film and Music,633
21K572: Leaders High School,634
21K620: William E. Grady Career and Technical Education High School,635
21K690: Brooklyn Studio Secondary School,636
21K728: Liberation Diploma Plus,637
22K014: J.H.S. 014 Shell Bank,638
22K078: J.H.S. 078 Roy H. Mann,639
22K109: P.S. 109,640
22K206: P.S. 206 Joseph F Lamb,641
22K207: P.S. 207 Elizabeth G. Leary,642
22K234: J.H.S. 234 Arthur W. Cunningham,643
22K240: Andries Hudde,644
22K278: J.H.S. 278 Marine Park,645
22K381: I. S. 381,646
22K405: Midwood High School,647
22K425: James Madison High School,648
22K535: Leon M. Goldstein High School for the Sciences,649
22K555: Brooklyn College Academy,650
22K611: Origins High School,651
22K630: Professional Pathways High School,652
22K890: M.S. 890,653
23K137: P.S. | I.S. 137 Rachel Jean Mitchell,654
23K155: P.S. | I.S. 155 Nicholas Herkimer,655
23K178: P.S. 178 Saint Clair Mckelway,656
"23K284: The Gregory Jocko Jackson School of Sports, Art, and Technology",657
23K363: Brownsville Collaborative Middle School,658
23K392: I.S. 392,659
23K493: Brooklyn Collegiate: A College Board School,660
23K514: Frederick Douglass Academy VII High School,661
23K518: Kappa V (Knowledge and Power Preparatory Academy),662
23K522: Mott Hall IV,663
23K643: Brooklyn Democracy Academy,664
23K644: Eagle Academy for Young Men II,665
23K646: Aspirations Diploma Plus High School,666
23K647: Metropolitan Diploma Plus High School,667
23K664: Brooklyn Environmental Exploration School (BEES),668
23K668: Riverdale Avenue Middle School,669
23K671: Mott Hall Bridges Academy,670
23K697: Teachers Preparatory High School,671
24Q005: I.S. 5 - The Walter Crowley Intermediate School,672
24Q049: P.S. 049 Dorothy Bonawit Kole,673
24Q061: I.S. 061 Leonardo Da Vinci,674
24Q073: I.S. 73 - The Frank Sansivieri Intermediate School,675
24Q077: Joseph F. Quinn Intermediate School 77,676
24Q087: P.S. | I.S. 087 Middle Village,677
24Q093: I.S. 093 Ridgewood,678
24Q102: P.S. 102 Bayview,679
24Q113: P.S. | I.S. 113 Anthony J. Pranzo,680
24Q119: P.S. | I.S. 119 The Glendale,681
24Q125: I.S. 125 Thom J. McCann Woodside,682
"24Q128: P.S. 128 The Lorraine Tuzzo, Juniper Valley Elementary School",683
24Q236: International High School for Health Sciences,684
24Q264: Academy of Finance and Enterprise,685
24Q267: High School of Applied Communication,686
24Q293: Civic Leadership Academy,687
24Q296: Pan American International High School,688
24Q299: Bard High School Early College Queens,689
24Q311: Corona Arts and Sciences Academy,690
24Q455: Newtown High School,691
24Q457: H.S. Arts and Business YABC,692
24Q485: Grover Cleveland High School,693
24Q520: Middle College High School at LaGuardia Community,694
24Q530: International High School at LaGuardia Community College,695
24Q550: High School for Arts and Business,696
"24Q560: Robert F. Wagner, Jr. Secondary School for Arts and Technology",697
24Q585: Maspeth High School,698
24Q600: Queens Technical High School,699
24Q610: Aviation Career and Technical Education High School,700
24Q744: VOYAGES Preparatory,701
25Q025: I.S. 025 Adrien Block,702
25Q164: P.S. 164 Queens Valley,703
25Q185: J.H.S. 185 Edward Bleeker,704
25Q189: J.H.S. 189 Daniel Carter Beard,705
25Q194: J.H.S. 194 William Carr,706
25Q200: P.S. | M.S. 200 The Magnet School of Global Studie,707
25Q219: P.S. 219 Paul Klapper,708
25Q237: I.S. 237,709
25Q240: Veritas Academy,710
25Q241: Queens High School for Language Studies,711
25Q250: I.S. 250 The Robert F. Kennedy Community Middle School,712
25Q252: The Queens School of Inquiry,713
25Q263: Flushing International High School,714
25Q281: East-West School of International Studies,715
25Q285: World Journalism Preparatory: A College Board School,716
25Q294: BELL Academy,717
25Q379: College Point Collaborative,718
25Q425: John Bowne High School,719
25Q460: Flushing High School,720
25Q467: Flushing YABC,721
"25Q499: The Queens College School for Math, Science and Technology",722
25Q525: Townsend Harris High School,723
25Q540: Queens Academy High School,724
25Q670: Robert F. Kennedy Community High School,725
25Q792: North Queens Community High School,726
26Q067: J.H.S. 067 Louis Pasteur,727
26Q074: J.H.S. 074 Nathaniel Hawthorne,728
26Q158: M.S. 158 Marie Curie,729
26Q172: M.S. 172 Irwin Altman,730
26Q178: P.S. | I.S. 178 Holliswood,731
26Q216: J.H.S. 216 George J. Ryan,732
26Q266: P.S. | I.S. 266,733
26Q315: Business Technology Early College High School,734
26Q415: Benjamin N. Cardozo High School,735
26Q430: Francis Lewis High School,736
26Q435: Martin Van Buren High School,737
26Q495: Bayside High School,738
"26Q566: Queens High School of Teaching, Liberal Arts and the Sciences",739
27Q042: P.S. | M.S 42 Robert Vernam,740
27Q043: P.S. 043,741
27Q047: P.S. 047 Chris Galas,742
27Q053: M.S. 053 Brian Piccolo,743
27Q105: P.S. 105 The Bay School,744
27Q114: P.S. | M.S. 114 Belle Harbor,745
27Q124: P.S. 124 Osmond A Church,746
27Q137: M.S. 137 America's School of Heroes,747
27Q146: P.S. 146 Howard Beach,748
27Q202: J.H.S. 202 Robert H. Goddard,749
27Q207: P.S. 207 Rockwood Park,750
27Q210: J.H.S. 210 Elizabeth Blackwell,751
27Q226: J.H.S. 226 Virgil I. Grissom,752
27Q232: P.S. 232 Lindenwood,753
27Q260: Frederick Douglass Academy VI High School,754
27Q261: Voyages Prep - South Queens,755
27Q262: Channel View School for Research,756
27Q282: Knowledge and Power Preparatory Academy VI,757
27Q297: Hawtree Creek Middle School,758
"27Q302: Queens High School for Information, Research, and Technology",759
27Q308: Robert H. Goddard High School of Communication Art,760
27Q309: Academy of Medical Technology: A College Board School,761
27Q314: Epic High School - South,762
27Q318: Waterside School For Leadership,763
27Q319: Village Academy,764
27Q323: Scholars' Academy,765
27Q324: Rockaway Park High School for Environmental Sustainability,766
27Q333: Goldie Maple Academy,767
27Q334: Epic High School - North,768
27Q351: Rockaway Collegiate High School,769
27Q400: August Martin High School,770
27Q475: Richmond Hill High School,771
27Q480: John Adams High School,772
27Q487: John Adams YABC,773
"27Q650: High School for Construction Trades, Engineering and Architecture",774
28Q008: J.H.S. 008 Richard S. Grossley,775
28Q072: M.S. 72 Catherine and Count Basie,776
28Q157: J.H.S. 157 Stephen A. Halsey,777
28Q167: Metropolitan Expeditionary Learning School,778
28Q190: J.H.S. 190 Russell Sage,779
28Q217: J.H.S. 217 Robert A. Van Wyck,780
28Q284: York Early College Academy,781
28Q287: The Emerson School,782
28Q310: Queens Collegiate: A College Board School,783
28Q325: Hillside Arts and Letters Academy,784
28Q328: High School for Community Leadership,785
28Q332: Redwood Middle School,786
28Q338: Queens Satellite High School for Opportunity,787
28Q350: Jamaica Gateway to the Sciences,788
28Q358: M.S. 358,789
28Q440: Forest Hills High School,790
28Q505: Hillcrest High School,791
28Q620: Thomas A. Edison Career and Technical Education High School,792
28Q680: Queens Gateway to Health Sciences Secondary School,793
28Q686: Queens Metropolitan High School,794
28Q687: Queens High School for the Sciences at York College,795
28Q690: High School for Law Enforcement and Public Safety,796
28Q896: The Young Women's Leadership School of Queens,797
29Q059: I.S. 059 Springfield Gardens,798
29Q109: Jean Nuzzi Intermediate School,799
29Q116: P.S. | I.S. 116 William C. Hughley,800
29Q138: P.S. | M.S. 138 Sunrise,801
29Q147: P.S. | M.S. 147 Ronald McNair,802
29Q192: I.S. 192 The Linden,803
29Q208: P.S. | I.S. 208,804
29Q238: I.S. 238 - Susan B. Anthony Academy,805
29Q243: Institute for Health Professions at Cambria Height,806
29Q248: Queens Preparatory Academy,807
29Q259: Pathways College Preparatory School: A College Board School,808
29Q265: Excelsior Preparatory High School,809
29Q268: P.S. | I.S. 268,810
29Q270: The Gordon Parks School,811
29Q272: George Washington Carver High School for the Sciences,812
29Q283: Preparatory Academy for Writers: A College Board School,813
29Q289: Queens United Middle School,814
29Q295: P.S. | I.S. 295,815
29Q313: Benjamin Franklin High School for Finance and Information Technology,816
29Q326: Cambria Heights Academy,817
29Q327: Eagle Academy for Young Men III,818
29Q355: Collaborative Arts Middle School,819
29Q356: Community Voices Middle School,820
"29Q492: Mathematics, Science Research and Technology Magney High School",821
"29Q498: Health, Arts, Robotics, and Technology High School",822
30Q010: I.S. 010 Horace Greeley,823
30Q078: P.S. | I.S. 78Q,824
30Q111: P.S. 111 Jacob Blackwell,825
30Q122: P.S. 122 Mamie Fay,826
30Q126: Albert Shanker School for Visual and Performing Arts,827
30Q127: P.S. 127 Aerospace Science Magnet School,828
30Q141: I.S. 141 The Steinway,829
30Q145: I.S. 145 Joseph Pulitzer,830
30Q204: I.S. 204 Oliver W. Holmes,831
30Q227: I.S. 227 Louis Armstrong,832
30Q230: I.S. 230,833
30Q258: Energy Tech High School,834
30Q286: The Young Women's Leadership School of Astoria,835
30Q291: Hunters Point Community Middle School,836
30Q300: The 30th Avenue School (G and T Citywide),837
30Q301: Academy for Careers in Television and Film,838
30Q417: Gotham Tech High School,839
30Q445: William Cullen Bryant High School,840
30Q450: Long Island City High School,841
30Q501: Frank Sinatra School of the Arts High School,842
30Q502: Information Technology High School,843
30Q555: Newcomers High School,844
30Q575: Academy of American Studies,845
30Q580: Baccalaureate School for Global Education,846
31R002: I.S. R002 George L. Egbert,847
31R007: I.S. 007 Elias Bernstein,848
31R024: I.S. 024 Myra S. Barnes,849
31R027: I.S. 027 Anning S. Prall,850
31R028: The Eagle Academy for Young Men of Staten Island,851
31R034: I.S. 034 Tottenville,852
31R047: CSI High School for International Studies,853
31R048: P.S. 048 William G. Wilcox,854
31R049: I.S. 49 Berta A. Dreyfus,855
31R051: I.S. 051 Edwin Markham,856
31R061: I.S. 061 William A Morris,857
31R063: Marsh Avenue School for Expeditionary Learning,858
31R064: Gaynor McCown Expeditionary Learning School,859
31R072: I.S. 072 Rocco Laurie,860
31R075: I.S. 075 Frank D. Paulo,861
31R080: The Michael J. Petrides School,862
31R440: New Dorp High School,863
31R445: Port Richmond High School,864
31R450: Curtis High School,865
31R455: Tottenville High School,866
31R460: Susan E. Wagner High School,867
31R470: Concord High School,868
31R600: Ralph R. McKee Career and Technical Education High,869
31R605: Staten Island Technical High School,870
31R607: Staten Island YABC,871
31R861: Staten Island School of Civic Leadership,872
32K045: P.S. | I.S. 45 Horace E. Greene,873
32K162: J.H.S. 162 The Willoughby,874
32K168: The Brooklyn School for Math and Research,875
32K291: J.H.S. 291 Roland Hayes,876
32K347: I.S. 347 School of Humanities,877
"32K349: I.S. 349 Math, Science and Technology",878
32K383: J.H.S. 383 Philippa Schuyler,879
32K384: P.S. | I.S. 384 Frances E. Carter,880
32K403: Academy for Excellence in Leadership,881
32K545: EBC High School for Public Service - Bushwick,882
32K549: The Brooklyn School for Social Justice,883
32K552: The Academy of Urban Planning and Engineering,884
32K554: All City Leadership Secondary School,885
32K556: Bushwick Leaders High School for Academic Excellence,886
32K562: Evergreen Middle School for Urban Exploration,887
32K564: Bushwick Community High School,888
84K037: Beginning with Children Charter School II,889
84K333: Explore Exceed Charter School,890
84K355: Williamsburg Collegiate Charter School,891
84K356: Achievement First Crown Heights Charter School,892
84K357: KIPP Always Mentally Prepared Charter School,893
84K358: Achievement First East New York Charter School,894
84K359: The UFT Charter School,895
84K360: Launch Expeditionary Learning Charter School,896
84K362: Hellenic Classical Charter School,897
84K367: Success Academy Charter School - Bedford Stuyvesant 1,898
84K379: Explore Excel Charter School,899
84K386: Invictus Preparatory Charter School,900
84K395: New Visions AIM Charter High School I,901
"84K406: EMBER Charter School for Mindful Education, Innovation and Transformation",902
84K417: Urban Dove Team Charter School,903
84K473: Williamsburg Charter High School,904
84K486: New Dawn Charter High School,905
84K508: Achievement First Endeavor Charter School,906
84K517: Leadership Preparatory Bedford Stuyvesant Charter,907
84K536: Community Roots Charter School,908
84K538: Achievement First Bushwick Charter School,909
84K593: Excellence Boys Charter School of Bedford Stuyvesant,910
84K608: Kings Collegiate Charter School,911
84K626: Achievement First Brownsville Charter School,912
84K648: Bedford Stuyvesant Collegiate Charter School,913
84K651: PAVE Academy Charter School,914
84K652: Brooklyn Ascend Charter School,915
84K680: Achievement First Aspire Charter School,916
84K693: Northside Charter High School,917
84K702: Community Partnership Charter School,918
84K704: Explore Charter School,919
84K707: Brooklyn Prospect Charter School - CSD 15,920
84K710: Brownsville Collegiate Charter School,921
84K711: Leadership Preparatory Brownsville Charter School,922
84K712: Excellence Girls Charter School,923
84K724: Leadership Preparatory Canarsie Charter School,924
84K730: Summit Academy Charter School,925
84K731: Brooklyn Excelsior Charter School,926
"84K733: Math, Engineering, and Science Academy Charter High School",927
84K737: Brownsville Ascend Charter School,928
84K738: New Visions Charter High School for Advanced Math & Science III,929
84K739: New Visions Charter High School for the Humanities III,930
84K740: Brooklyn Scholars Charter School,931
84K741: Success Academy Charter School - Crown Heights,932
84K742: Explore Empower Charter School,933
84K744: Coney Island Preparatory Public Charter School,934
84K746: Hebrew Language Academy Charter School,935
84K752: Success Academy Charter School - Fort Greene,936
84K756: Success Academy Charter School - Prospect Heights,937
84K757: Unity Preparatory Charter School of Brooklyn,938
84K758: Brooklyn Urban Garden Charter School,939
84K759: Canarsie Ascend Charter School,940
84K774: Achievement First Apollo Charter School,941
84K775: Leadership Preparatory Ocean Hill Charter School,942
84K777: Ocean Hill Collegiate Charter School,943
84K780: Brooklyn East Collegiate Charter School,944
84K781: Success Academy Charter School - Bergen Beach,945
84K782: Bedford Stuyvesant New Beginnings Charter School,946
84K784: Achievement First North Brooklyn Preparatory Charter School,947
84K785: Imagine Me Leadership Charter School,948
84K788: Achievement First Linden Charter School,949
84K790: Central Brooklyn Ascend Charter School,950
84K791: Brooklyn Dreams Charter School,951
84K793: Bushwick Ascend Charter School,952
84K803: Brooklyn Laboratory Charter School,953
84K807: Collegiate Academy for Mathematics and Personal Awareness Charter School,954
84K876: Achievement First Voyager Charter School,955
84K879: Brooklyn Prospect Charter School - CSD 13,956
84K883: Success Academy Charter School - Bedford Stuyvesant 3,957
84K892: Brooklyn Emerging Leaders Academy Charter School,958
84K911: Edmund W. Gordon Brooklyn Laboratory Charter School,959
84K928: Brooklyn Prospect Charter School - CSD 15.2,960
84K956: Lamad Academy Charter School,961
84M065: Democracy Preparatory Endurance Charter School,962
84M068: KIPP NYC Washington Heights Academy Charter School,963
84M100: Neighborhood Charter School of Harlem,964
84M168: East Harlem Scholars Academy Charter School II,965
84M174: Success Academy Charter School - Union Square,966
84M202: Great Oaks Charter School,967
84M204: Capital Preparatory Harlem Charter School,968
84M263: New York City Charter School of the Arts,969
84M279: Opportunity Charter School,970
84M284: Harlem Children's Zone Promise Academy Charter School,971
84M295: School in the Square Public Charter School,972
84M330: Girls Preparatory Charter School of New York,973
84M335: Harlem Village Academy East Charter School,974
84M336: KIPP Infinity Charter School,975
84M341: Harlem Children's Zone Promise Academy II Charter,976
84M350: Democracy Preparatory Charter School,977
84M351: Success Academy Charter School - Harlem 1,978
84M353: New Heights Academy Charter School,979
84M382: DREAM Charter School,980
84M384: Success Academy Charter School - Harlem 2,981
84M385: Success Academy Charter School - Harlem 3,982
84M386: Success Academy Charter School - Harlem 4,983
84M388: St. HOPE Leadership Academy Charter School,984
84M430: The Equity Project Charter School,985
84M433: Innovation Charter High School,986
84M478: Inwood Academy for Leadership Charter School,987
84M481: Democracy Preparatory Harlem Charter School,988
84M482: Success Academy Charter School - Harlem 5,989
84M518: East Harlem Scholars Academy Charter School,990
84M522: Broome Street Academy Charter High School,991
84M523: Success Academy Charter School - Upper West,992
84M707: John V. Lindsay Wildcat Academy Charter School,993
84M708: Harlem Prep Charter School,994
84M709: Harlem Village Academy West Charter School,995
84M726: KIPP S.T.A.R. College Preparatory Charter School,996
84M861: Future Leaders Institute Charter School,997
84Q083: Central Queens Academy Charter School,998
84Q298: Middle Village Preparatory Charter School,999
84Q304: VOICE Charter School of New York,1000
84Q320: New Visions Charter High School for Advanced Math & Science IV,1001
84Q321: Growing Up Green Charter School,1002
84Q337: Success Academy Charter School - Rosedale,1003
84Q339: Success Academy Charter School - Springfield Gardens,1004
84Q340: Challenge Preparatory Charter School,1005
84Q341: Riverton Street Charter School,1006
84Q342: Rochdale Early Advantage Charter School,1007
84Q359: Academy of the City Charter School,1008
84Q372: Growing Up Green Charter School II,1009
84Q373: New Visions Charter High School for the Humanities IV,1010
84Q375: Success Academy Charter School - Far Rockaway,1011
84Q380: Forte Preparatory Academy Charter School,1012
84Q387: Valence College Preparatory Charter School,1013
84Q388: New Dawn Charter High School II,1014
84Q705: Renaissance Charter School,1015
84Q706: Our World Neighborhood Charter School,1016
84R012: New Ventures Charter School,1017
84R067: John W. Lavelle Preparatory Charter School,1018
84R070: Lois and Richard Nicotra Early College Charter School,1019
84R073: New World Preparatory Charter School,1020
84X133: Icahn Charter School 6,1021
84X177: Mott Hall Charter School,1022
84X185: Pharos Academy Charter School,1023
84X200: New Visions AIM Charter High School II,1024
84X202: New Visions Charter High School for Advanced Math & Science II,1025
84X208: New Visions Charter High School for the Humanities II,1026
84X233: Family Life Academy Charter School II,1027
84X255: Bronx Charter School for Excellence,1028
84X309: South Bronx Charter School for International Cultures and the Arts,1029
84X345: Leaders In Our Neighborhood Charter School,1030
84X346: South Bronx Classical Charter School,1031
84X347: International Leadership Charter High School,1032
84X362: Icahn Charter School 7,1033
84X364: South Bronx Classical Charter School II,1034
84X378: Icahn Charter School 2,1035
84X380: Success Academy Charter School - Bronx 3,1036
84X387: Brilla College Preparatory Charter School,1037
84X389: Bronx Global Learning Institute for Girls Charter,1038
84X393: University Prep Charter High School,1039
84X394: Mott Haven Charter School,1040
"84X395: AECI NYC Charter High School for Architecture, Engineering and Construction Industries",1041
84X398: Bronx Community Charter School,1042
84X407: Bronx Charter School for Children,1043
84X419: Bronx Academy of Promise Charter School,1044
84X422: Icahn Charter School 3,1045
84X429: Charter High School for Law and Social Justice,1046
84X460: Atmosphere Academy Public Charter School,1047
84X461: Nuasin Next Generation Charter School,1048
84X465: Boys Preparatory Charter School of New York,1049
84X471: American Dream Charter School,1050
84X482: Dr. Richard Izquierdo Health and Science Charter School,1051
84X487: Girls Preparatory Charter School of the Bronx,1052
84X488: The Equality Charter School,1053
84X489: South Bronx Classical Charter School III,1054
84X492: South Bronx Early College Academy Charter School,1055
84X493: Success Academy Charter School - Bronx 1,1056
84X494: Success Academy Charter School - Bronx 2,1057
84X496: Icahn Charter School 4,1058
84X538: Icahn Charter School 5,1059
84X539: New Visions Charter High School for Advanced Math & Science I,1060
84X553: New Visions Charter High School for the Humanities I,1061
84X581: South Bronx Community Charter High School,1062
84X585: Legacy College Preparatory Charter School,1063
84X597: Urban Assembly Charter School for Computer Science,1064
84X598: KIPP Freedom Charter School,1065
84X610: Urban Dove Team Charter School II,1066
84X611: AECI II: NYC Charter High School for Computer Engineering and Innovation,1067
84X612: Creo College Preparatory Charter School,1068
84X615: University Prep Charter Middle School,1069
84X617: KIPP Bronx Charter School III,1070
84X627: Capital Preparatory Bronx Charter School,1071
84X635: Earl Monroe New Renaissance Basketball Charter School,1072
84X640: Family Life Academy Charter Schools High School,1073
84X703: Bronx Preparatory Charter School,1074
84X704: KIPP Academy Charter School,1075
84X705: Family Life Academy Charter School,1076
84X706: Harriet Tubman Charter School,1077
84X717: Icahn Charter School 1,1078
84X730: Bronx Charter School for the Arts,1079
